Dragon-Ball-Super-S04E18-DUBBED-720p-HDTV-x264-CRiMSON[rarbg],1
Dragon-Ball-Super-S04E28-DUBBED-720p-HDTV-x264-CRiMSON[rarbg],1
Dragon-Ball-Super-S04E13-DUBBED-720p-HDTV-x264-CRiMSON[rarbg],1
Dragon-Ball-Super-92-Eng-Sub-720p-2CH-AAC-x265-HEVC-INC[UTR],2
Dragon-Ball-Super-S04E19-DUBBED-1080p-HDTV-x264-W4F[rarbg],1
Dragon-Ball-Super-E108-1080p-WEB-DL-H264-DUAL-WWW-COMANDOTORRENTS-COM,2
Dragon-Ball-Super-S04E16-DUBBED-720p-HDTV-x264-CRiMSON[rarbg],1
Dragon-Ball-Super-S05E13-DUBBED-HDTV-x264-CRiMSON[rarbg],1
Dragon-Ball-Super-S04E26-DUBBED-720p-HDTV-x264-CRiMSON[rarbg],1
[Funimation-DUB]-Dragon-Ball-Super--83-[1080p][EXIL3],2
[ACESSE-MEGAFILMESTORRENTS-ORG]-Dragon-Ball-Super-E73-720p-WEB-DL-H264-DUAL-iZARDs,2
WWW-BLUDV-TV -Dragon-Ball-Super-2018--Episodio-69-(1080p)-Acesse-o-ORIGINAL-WWW-BLUDV-TV,2
Dragon-Ball-Super-Complete-Season-2-1080P-BluRay-UNCUT,1
Dragon-Ball-Super-Complete-Season-3-1080P-BluRay-UNCUT,1
[HorribleSubs] Boruto - Naruto Next Generations - 35 (1080p),2
Boruto - Naruto Next Generations - 08,2
[HorribleSubs] Boruto - Naruto Next Generations - 55 [480p],2
Boruto - 072 [JesuSub] vostfr 1080p x265 AAC mp4,2
Boruto - 074 [JesuSub] vostfr 1080p x265 AAC mp4,2
Catfish - 121 [sometinghere] vostfr 1080p x265 AAC mp4,2
Boruto Naruto Next Generations E10 DUBBED HDTV x264-W4F,2
Boruto - 009 vostfr X265 1080p mp4,2
Boruto Naruto Next Generations - 25,2
Боруто: Новое поколение Наруто / Boruto: Naruto Next Generations [65-77] (2018) WEBRip 1080p | ColdFilm,2
Боруто: Новое поколение Наруто / Boruto: Naruto Next Generations [65-80] (2018) WEBRip 1080p | ColdFilm,2
Боруто: Новое поколение Наруто / Boruto: Naruto Next Generations [65-78] (2018) WEBRip | ColdFilm,2
Боруто: Новое поколение Наруто / Boruto: Naruto Next Generations [01x01-07 из 13] (2017) WEBRip 720p | ViruseProject,1
[HorribleSubs] Boruto - Naruto Next Generations - 61 (1080p),2
Boruto - 058 [JesuSub] vostfr 1080p x265 AAC mp4,2
Boruto - Naruto Next Generations S01E13 [720p] [LEG] - COMANDOTORRENTS COM,1
Боруто: Новое поколение Наруто / Boruto: Naruto Next Generations [01-04 из 13] (2017) HDTVRip 720p | SEKAI PROJECT,2
Боруто: Новое поколение Наруто / Boruto: Naruto Next Generations [01-20 из 26] (2017) HDTVRip 720p | Shiza Project & KANSAI Studio,2
Боруто: Новое поколение Наруто / Boruto: Naruto Next Generations [65] (2018) WEBRip | ColdFilm,2
Девственница Джейн / Jane the virgin [S02] (2015) WEB-DL 1080p | Amedia,1
Девственница Джейн / Jane the virgin [S04] (2017) WEB-DLRip | Jaskier,1
Jane The Virgin - Temporada 4 [HDTV 720p][Cap.402][AC3 5.1 Español Castellano],3
Jane-The-Virgin--Temporada-3-[HDTV][Cap-318][Espanol-Castellano],3
Jane The Virgin 1ª Temporada WEB-DL 720p - WWW.RAPIDOTORRENTS.COM,3
Jane-The-Virgin--Temporada-1,3
Jane-The-Virgin--Temporada-3-[HDTV][Cap-318][Espanol-Castellano],3
[ WWW.TORRENTING.ME ] - Jane.the.Virgin.S03E15.1080p.WEB-DL.DD5.1.H.264-DRACULA,1
Jane The Virgin S02E01 720p HDTV X264-DIMENSION[CTTV],1
Jane the Virgin S02E17 720p WEB-DL DD5 1 H264-RARBG,1
Нарко: Мексика / Narcos: Mexico [S01] (2018) WEBRip | IdeaFilm,1
Narcos-Mexico-S01-[1080p]-LF,1
Narcos-Mexico-S01-FRENCH-WEBRip-x264-AMB3R,1
Narcos-Mexico-S01E08-1080p-WEB-DL-x264--ExYuSubs,1
Narcos-Mexico-S01E08-1080p-WEBRip-X264-DEFLATE,1
Narcos Mexico - Temporada 2 [HDTV][Cap.102][www.divxtotal3.net].avi,3
Narcos-Mexico--Temporada-1-[HDTV-720p][Cap-104 106][AC3-5-1-Castellano][www-descargas2020-com],3
[ACESSE COMANDOTORRENTS.COM] Narcos Mexico 1 ª Temporada Completa 2018 [WEB-DL] [720p] [DUAL],3
{WWW.BLUDV.TV} Narcos Mexico - 1ª Temporada Completa 2018 (720p) Acesse o ORIGINAL WWW.BLUDV.TV,3
Narcos Mexico - Temporada 2 [HDTV][Cap.101_103][Castellano][www.descargas2020.com],3
Narcos Mexico - Temporada 1 E06-E10 HDTV Castellano,3
The Flash 2 Temporada 1080p Dual Áudio - WWW.SOFILMESHD.NET,3
The Flash 3ª Temporada Completa (2017) DVDR,3
The-Flash--Temporada-5-[HDTV][Cap-504][Castellano][www-torrentrapid-com],3
Флэш / The Flash [S03] (2016) WEBRip | Кравец,1
OST - Флэш: Сезон 1 / The Flash: Season 1 (2015) MP3,1
Флэш / The Flash [S01] (2014-2015) WEB-DL 1080p | LostFilm,1
Флэш / The Flash [S01] (2014-2015) WEB-DLRip | NewStudio,1
The Flash 2014 S02E17 Flash Back 720p WEB-DL 2CH x265 HEVC-PSA mkv,1
The Flash - Season 3 - 720p HDTV - x265 HEVC - ShAaNiG,1